-- ============================================================
-- Seed Data – Rental Property Monitoring System
-- ============================================================

-- Users
INSERT INTO users (id, full_name, email, password_hash, role, phone) VALUES
  ('00000000-0000-0000-0000-000000000001', 'Admin User',    'admin@rentledger.ph',   crypt('admin123', gen_salt('bf')), 'admin',   '09171234567'),
  ('00000000-0000-0000-0000-000000000002', 'Maria Santos',  'maria@rentledger.ph',   crypt('pass123',  gen_salt('bf')), 'manager', '09181234567'),
  ('00000000-0000-0000-0000-000000000003', 'Juan Dela Cruz','juan@rentledger.ph',    crypt('pass123',  gen_salt('bf')), 'staff',   '09191234567');

-- Properties
INSERT INTO properties (id, name, address, type, owner_name, owner_contact, created_by) VALUES
  ('10000000-0000-0000-0000-000000000001', 'Sampaguita Apartments', '123 Rizal St., Makati City', 'apartment',      'Pedro Reyes', '09201234567', '00000000-0000-0000-0000-000000000001'),
  ('10000000-0000-0000-0000-000000000002', 'Marigold Boarding House','456 Mabini Ave., Quezon City','boarding_house', 'Pedro Reyes', '09201234567', '00000000-0000-0000-0000-000000000001');

-- Units – Sampaguita Apartments
INSERT INTO units (id, property_id, unit_number, floor, monthly_rent, status) VALUES
  ('20000000-0000-0000-0000-000000000001', '10000000-0000-0000-0000-000000000001', '101', '1', 8000,  'occupied'),
  ('20000000-0000-0000-0000-000000000002', '10000000-0000-0000-0000-000000000001', '102', '1', 8000,  'vacant'),
  ('20000000-0000-0000-0000-000000000003', '10000000-0000-0000-0000-000000000001', '201', '2', 9500,  'occupied'),
  ('20000000-0000-0000-0000-000000000004', '10000000-0000-0000-0000-000000000001', '202', '2', 9500,  'repair');

-- Units – Marigold Boarding House
INSERT INTO units (id, property_id, unit_number, floor, monthly_rent, status) VALUES
  ('20000000-0000-0000-0000-000000000005', '10000000-0000-0000-0000-000000000002', 'Room 1', '1', 4500, 'occupied'),
  ('20000000-0000-0000-0000-000000000006', '10000000-0000-0000-0000-000000000002', 'Room 2', '1', 4500, 'vacant'),
  ('20000000-0000-0000-0000-000000000007', '10000000-0000-0000-0000-000000000002', 'Room 3', '2', 5000, 'occupied');

-- Tenants
INSERT INTO tenants (id, full_name, phone, email, id_type, id_number, created_by) VALUES
  ('30000000-0000-0000-0000-000000000001', 'Ana Reyes',      '09221234567', 'ana@email.com',   'Driver''s License', 'DL-123456', '00000000-0000-0000-0000-000000000002'),
  ('30000000-0000-0000-0000-000000000002', 'Carlo Bautista', '09231234567', 'carlo@email.com', 'Passport',          'P-789012',  '00000000-0000-0000-0000-000000000002'),
  ('30000000-0000-0000-0000-000000000003', 'Liza Gomez',     '09241234567', 'liza@email.com',  'SSS ID',            'SSS-345678','00000000-0000-0000-0000-000000000002'),
  ('30000000-0000-0000-0000-000000000004', 'Mark Torres',    '09251234567', null,              'PhilHealth',        'PH-901234', '00000000-0000-0000-0000-000000000002');

-- Leases
INSERT INTO leases (id, tenant_id, unit_id, start_date, end_date, monthly_rent, due_day, grace_period_days, penalty_type, penalty_value, status, created_by) VALUES
  ('40000000-0000-0000-0000-000000000001',
   '30000000-0000-0000-0000-000000000001', '20000000-0000-0000-0000-000000000001',
   '2025-01-01', '2025-12-31', 8000, 5, 5, 'fixed', 500, 'active',
   '00000000-0000-0000-0000-000000000002'),

  ('40000000-0000-0000-0000-000000000002',
   '30000000-0000-0000-0000-000000000002', '20000000-0000-0000-0000-000000000003',
   '2025-03-01', '2026-02-28', 9500, 5, 5, 'percent', 5, 'active',
   '00000000-0000-0000-0000-000000000002'),

  ('40000000-0000-0000-0000-000000000003',
   '30000000-0000-0000-0000-000000000003', '20000000-0000-0000-0000-000000000005',
   '2025-02-01', '2026-01-31', 4500, 10, 3, 'fixed', 200, 'active',
   '00000000-0000-0000-0000-000000000002'),

  ('40000000-0000-0000-0000-000000000004',
   '30000000-0000-0000-0000-000000000004', '20000000-0000-0000-0000-000000000007',
   '2025-04-01', '2026-03-31', 5000, 5, 5, 'fixed', 300, 'active',
   '00000000-0000-0000-0000-000000000002');

-- Deposits
INSERT INTO deposits (id, lease_id, tenant_id, type, amount, balance, created_by) VALUES
  -- Ana Reyes – Unit 101
  ('50000000-0000-0000-0000-000000000001', '40000000-0000-0000-0000-000000000001', '30000000-0000-0000-0000-000000000001', 'security',     8000, 8000, '00000000-0000-0000-0000-000000000002'),
  ('50000000-0000-0000-0000-000000000002', '40000000-0000-0000-0000-000000000001', '30000000-0000-0000-0000-000000000001', 'advance_rent',  8000, 8000, '00000000-0000-0000-0000-000000000002'),
  -- Carlo Bautista – Unit 201
  ('50000000-0000-0000-0000-000000000003', '40000000-0000-0000-0000-000000000002', '30000000-0000-0000-0000-000000000002', 'security',     9500, 9500, '00000000-0000-0000-0000-000000000002'),
  ('50000000-0000-0000-0000-000000000004', '40000000-0000-0000-0000-000000000002', '30000000-0000-0000-0000-000000000002', 'advance_rent',  9500, 9500, '00000000-0000-0000-0000-000000000002'),
  -- Liza Gomez – Room 1
  ('50000000-0000-0000-0000-000000000005', '40000000-0000-0000-0000-000000000003', '30000000-0000-0000-0000-000000000003', 'security',     4500, 4500, '00000000-0000-0000-0000-000000000002'),
  -- Mark Torres – Room 3
  ('50000000-0000-0000-0000-000000000006', '40000000-0000-0000-0000-000000000004', '30000000-0000-0000-0000-000000000004', 'security',     5000, 5000, '00000000-0000-0000-0000-000000000002');

-- Deposit Transactions (received)
INSERT INTO deposit_transactions (deposit_id, txn_type, amount, balance_after, notes, created_by) VALUES
  ('50000000-0000-0000-0000-000000000001', 'received', 8000, 8000, 'Initial security deposit', '00000000-0000-0000-0000-000000000002'),
  ('50000000-0000-0000-0000-000000000002', 'received', 8000, 8000, 'One month advance rent',   '00000000-0000-0000-0000-000000000002'),
  ('50000000-0000-0000-0000-000000000003', 'received', 9500, 9500, 'Initial security deposit', '00000000-0000-0000-0000-000000000002'),
  ('50000000-0000-0000-0000-000000000004', 'received', 9500, 9500, 'One month advance rent',   '00000000-0000-0000-0000-000000000002'),
  ('50000000-0000-0000-0000-000000000005', 'received', 4500, 4500, 'Initial security deposit', '00000000-0000-0000-0000-000000000002'),
  ('50000000-0000-0000-0000-000000000006', 'received', 5000, 5000, 'Initial security deposit', '00000000-0000-0000-0000-000000000002');

-- Billings – April 2026 (sample month)
INSERT INTO billings (id, lease_id, tenant_id, unit_id, billing_period, due_date, status, issued_at, created_by) VALUES
  ('60000000-0000-0000-0000-000000000001',
   '40000000-0000-0000-0000-000000000001', '30000000-0000-0000-0000-000000000001', '20000000-0000-0000-0000-000000000001',
   '2026-04-01', '2026-04-05', 'issued', NOW(), '00000000-0000-0000-0000-000000000002'),

  ('60000000-0000-0000-0000-000000000002',
   '40000000-0000-0000-0000-000000000002', '30000000-0000-0000-0000-000000000002', '20000000-0000-0000-0000-000000000003',
   '2026-04-01', '2026-04-05', 'issued', NOW(), '00000000-0000-0000-0000-000000000002'),

  ('60000000-0000-0000-0000-000000000003',
   '40000000-0000-0000-0000-000000000003', '30000000-0000-0000-0000-000000000003', '20000000-0000-0000-0000-000000000005',
   '2026-04-01', '2026-04-10', 'overdue', NOW(), '00000000-0000-0000-0000-000000000002');

-- Billing Items
INSERT INTO billing_items (billing_id, item_type, description, quantity, unit_price, amount) VALUES
  -- Ana Reyes April bill
  ('60000000-0000-0000-0000-000000000001', 'rent',        'Monthly Rent – April 2026', 1,    8000, 8000),
  ('60000000-0000-0000-0000-000000000001', 'water',       'Water – April 2026',        120,  15,   1800),
  ('60000000-0000-0000-0000-000000000001', 'electricity', 'Electricity – April 2026',  95,   11,   1045),

  -- Carlo Bautista April bill
  ('60000000-0000-0000-0000-000000000002', 'rent',        'Monthly Rent – April 2026', 1,    9500, 9500),
  ('60000000-0000-0000-0000-000000000002', 'water',       'Water – April 2026',        100,  15,   1500),
  ('60000000-0000-0000-0000-000000000002', 'electricity', 'Electricity – April 2026',  110,  11,   1210),
  ('60000000-0000-0000-0000-000000000002', 'parking',     'Parking – April 2026',      1,    500,  500),

  -- Liza Gomez April bill (overdue)
  ('60000000-0000-0000-0000-000000000003', 'rent',        'Monthly Rent – April 2026', 1,    4500, 4500),
  ('60000000-0000-0000-0000-000000000003', 'water',       'Water – April 2026',        80,   15,   1200),
  ('60000000-0000-0000-0000-000000000003', 'penalty',     'Late Payment Penalty',      1,    200,  200);

-- Payments (Ana paid in full via GCash)
INSERT INTO payments (id, billing_id, tenant_id, amount, method, reference_no, payment_date, received_by) VALUES
  ('70000000-0000-0000-0000-000000000001',
   '60000000-0000-0000-0000-000000000001', '30000000-0000-0000-0000-000000000001',
   10845, 'gcash', 'GC-20260425-001', '2026-04-25',
   '00000000-0000-0000-0000-000000000003');

-- Utility Readings – April 2026
INSERT INTO utility_readings (billing_id, unit_id, utility_type, billing_period, previous_reading, current_reading, rate, notes, read_by) VALUES
  ('60000000-0000-0000-0000-000000000001', '20000000-0000-0000-0000-000000000001', 'water',       '2026-04-01', 1340, 1460, 15, 'April reading', '00000000-0000-0000-0000-000000000003'),
  ('60000000-0000-0000-0000-000000000001', '20000000-0000-0000-0000-000000000001', 'electricity', '2026-04-01', 4820, 4915, 11, 'April reading', '00000000-0000-0000-0000-000000000003'),
  ('60000000-0000-0000-0000-000000000002', '20000000-0000-0000-0000-000000000003', 'water',       '2026-04-01', 2100, 2200, 15, 'April reading', '00000000-0000-0000-0000-000000000003'),
  ('60000000-0000-0000-0000-000000000002', '20000000-0000-0000-0000-000000000003', 'electricity', '2026-04-01', 6500, 6610, 11, 'April reading', '00000000-0000-0000-0000-000000000003'),
  ('60000000-0000-0000-0000-000000000003', '20000000-0000-0000-0000-000000000005', 'water',       '2026-04-01', 890,  970,  15, 'April reading', '00000000-0000-0000-0000-000000000003');

-- Maintenance Tickets
INSERT INTO maintenance_tickets (unit_id, tenant_id, title, description, priority, status, reported_date, created_by) VALUES
  ('20000000-0000-0000-0000-000000000004', NULL,
   'Leaking Ceiling', 'Water stains and dripping from ceiling near bathroom.',
   'high', 'in_progress', '2026-04-10', '00000000-0000-0000-0000-000000000002'),

  ('20000000-0000-0000-0000-000000000001', '30000000-0000-0000-0000-000000000001',
   'Broken Door Lock', 'Bedroom door knob is loose and won''t lock properly.',
   'medium', 'open', '2026-04-28', '00000000-0000-0000-0000-000000000002'),

  ('20000000-0000-0000-0000-000000000005', '30000000-0000-0000-0000-000000000003',
   'Clogged Drain', 'Bathroom drain is clogged.',
   'low', 'completed', '2026-03-15', '00000000-0000-0000-0000-000000000002');
